address,segment,offset,linear_address,image_offset
1000:0000,0x1000,0x0000,0x00010000,0x00000000
1000:00f6,0x1000,0x00f6,0x000100f6,0x000000f6
1000:0115,0x1000,0x0115,0x00010115,0x00000115
1000:012f,0x1000,0x012f,0x0001012f,0x0000012f
1000:0172,0x1000,0x0172,0x00010172,0x00000172
1000:019f,0x1000,0x019f,0x0001019f,0x0000019f
1000:01e2,0x1000,0x01e2,0x000101e2,0x000001e2
1000:01ea,0x1000,0x01ea,0x000101ea,0x000001ea
1000:0258,0x1000,0x0258,0x00010258,0x00000258
1000:0282,0x1000,0x0282,0x00010282,0x00000282
1000:03ea,0x1000,0x03ea,0x000103ea,0x000003ea
1000:0416,0x1000,0x0416,0x00010416,0x00000416
1000:0569,0x1000,0x0569,0x00010569,0x00000569
1000:05e7,0x1000,0x05e7,0x000105e7,0x000005e7
1000:0604,0x1000,0x0604,0x00010604,0x00000604
1000:063b,0x1000,0x063b,0x0001063b,0x0000063b
1000:0698,0x1000,0x0698,0x00010698,0x00000698
1000:06a9,0x1000,0x06a9,0x000106a9,0x000006a9
1000:07ad,0x1000,0x07ad,0x000107ad,0x000007ad
1000:07f0,0x1000,0x07f0,0x000107f0,0x000007f0
1000:0816,0x1000,0x0816,0x00010816,0x00000816
1000:08d1,0x1000,0x08d1,0x000108d1,0x000008d1
1000:0a07,0x1000,0x0a07,0x00010a07,0x00000a07
1000:0a90,0x1000,0x0a90,0x00010a90,0x00000a90
1000:0b88,0x1000,0x0b88,0x00010b88,0x00000b88
1000:0bf9,0x1000,0x0bf9,0x00010bf9,0x00000bf9
1000:0c18,0x1000,0x0c18,0x00010c18,0x00000c18
1000:0d9d,0x1000,0x0d9d,0x00010d9d,0x00000d9d
1000:0f7a,0x1000,0x0f7a,0x00010f7a,0x00000f7a
1000:11eb,0x1000,0x11eb,0x000111eb,0x000011eb
1000:1349,0x1000,0x1349,0x00011349,0x00001349
1000:138c,0x1000,0x138c,0x0001138c,0x0000138c
1000:13b2,0x1000,0x13b2,0x000113b2,0x000013b2
1000:13df,0x1000,0x13df,0x000113df,0x000013df
1000:1473,0x1000,0x1473,0x00011473,0x00001473
1000:14e4,0x1000,0x14e4,0x000114e4,0x000014e4
1000:15a1,0x1000,0x15a1,0x000115a1,0x000015a1
1000:165e,0x1000,0x165e,0x0001165e,0x0000165e
1000:17c7,0x1000,0x17c7,0x000117c7,0x000017c7
1000:19a1,0x1000,0x19a1,0x000119a1,0x000019a1
1000:19e4,0x1000,0x19e4,0x000119e4,0x000019e4
1000:1a20,0x1000,0x1a20,0x00011a20,0x00001a20
1000:1a67,0x1000,0x1a67,0x00011a67,0x00001a67
1000:1b2b,0x1000,0x1b2b,0x00011b2b,0x00001b2b
1000:1bd7,0x1000,0x1bd7,0x00011bd7,0x00001bd7
1000:1c41,0x1000,0x1c41,0x00011c41,0x00001c41
1000:1cb2,0x1000,0x1cb2,0x00011cb2,0x00001cb2
1000:1cea,0x1000,0x1cea,0x00011cea,0x00001cea
1000:1d26,0x1000,0x1d26,0x00011d26,0x00001d26
1000:1dde,0x1000,0x1dde,0x00011dde,0x00001dde
1000:1e02,0x1000,0x1e02,0x00011e02,0x00001e02
1000:1e3d,0x1000,0x1e3d,0x00011e3d,0x00001e3d
1000:1e5e,0x1000,0x1e5e,0x00011e5e,0x00001e5e
1000:1e90,0x1000,0x1e90,0x00011e90,0x00001e90
1000:1ec2,0x1000,0x1ec2,0x00011ec2,0x00001ec2
1000:1f03,0x1000,0x1f03,0x00011f03,0x00001f03
1000:1f3e,0x1000,0x1f3e,0x00011f3e,0x00001f3e
1000:1f7f,0x1000,0x1f7f,0x00011f7f,0x00001f7f
1000:1fbe,0x1000,0x1fbe,0x00011fbe,0x00001fbe
1000:207d,0x1000,0x207d,0x0001207d,0x0000207d
1000:2138,0x1000,0x2138,0x00012138,0x00002138
1000:21bb,0x1000,0x21bb,0x000121bb,0x000021bb
1000:21e7,0x1000,0x21e7,0x000121e7,0x000021e7
1000:2261,0x1000,0x2261,0x00012261,0x00002261
1000:228d,0x1000,0x228d,0x0001228d,0x0000228d
1000:22b0,0x1000,0x22b0,0x000122b0,0x000022b0
1000:22c1,0x1000,0x22c1,0x000122c1,0x000022c1
1000:22d2,0x1000,0x22d2,0x000122d2,0x000022d2
1000:22fc,0x1000,0x22fc,0x000122fc,0x000022fc
1000:233a,0x1000,0x233a,0x0001233a,0x0000233a
1000:236f,0x1000,0x236f,0x0001236f,0x0000236f
1000:238e,0x1000,0x238e,0x0001238e,0x0000238e
1000:23b6,0x1000,0x23b6,0x000123b6,0x000023b6
1000:2423,0x1000,0x2423,0x00012423,0x00002423
1000:2470,0x1000,0x2470,0x00012470,0x00002470
1000:248e,0x1000,0x248e,0x0001248e,0x0000248e
1000:24d7,0x1000,0x24d7,0x000124d7,0x000024d7
1000:250a,0x1000,0x250a,0x0001250a,0x0000250a
1000:253f,0x1000,0x253f,0x0001253f,0x0000253f
1000:25ad,0x1000,0x25ad,0x000125ad,0x000025ad
1000:2634,0x1000,0x2634,0x00012634,0x00002634
1000:26a1,0x1000,0x26a1,0x000126a1,0x000026a1
1000:270c,0x1000,0x270c,0x0001270c,0x0000270c
1000:2776,0x1000,0x2776,0x00012776,0x00002776
1000:27de,0x1000,0x27de,0x000127de,0x000027de
1000:2810,0x1000,0x2810,0x00012810,0x00002810
1000:28e0,0x1000,0x28e0,0x000128e0,0x000028e0
1000:28f9,0x1000,0x28f9,0x000128f9,0x000028f9
1000:2965,0x1000,0x2965,0x00012965,0x00002965
1000:29a6,0x1000,0x29a6,0x000129a6,0x000029a6
1000:2a0a,0x1000,0x2a0a,0x00012a0a,0x00002a0a
1000:2a78,0x1000,0x2a78,0x00012a78,0x00002a78
1000:2d14,0x1000,0x2d14,0x00012d14,0x00002d14
1000:2ef8,0x1000,0x2ef8,0x00012ef8,0x00002ef8
1000:2fac,0x1000,0x2fac,0x00012fac,0x00002fac
1000:30dd,0x1000,0x30dd,0x000130dd,0x000030dd
1000:31de,0x1000,0x31de,0x000131de,0x000031de
1000:328f,0x1000,0x328f,0x0001328f,0x0000328f
1000:32b0,0x1000,0x32b0,0x000132b0,0x000032b0
1000:33c5,0x1000,0x33c5,0x000133c5,0x000033c5
1000:3467,0x1000,0x3467,0x00013467,0x00003467
1000:35a5,0x1000,0x35a5,0x000135a5,0x000035a5
1000:3852,0x1000,0x3852,0x00013852,0x00003852
1000:3a88,0x1000,0x3a88,0x00013a88,0x00003a88
1000:3ab2,0x1000,0x3ab2,0x00013ab2,0x00003ab2
1000:3b0f,0x1000,0x3b0f,0x00013b0f,0x00003b0f
1000:3b6c,0x1000,0x3b6c,0x00013b6c,0x00003b6c
1000:3bc9,0x1000,0x3bc9,0x00013bc9,0x00003bc9
1000:3c26,0x1000,0x3c26,0x00013c26,0x00003c26
1000:3c4f,0x1000,0x3c4f,0x00013c4f,0x00003c4f
1000:3c9d,0x1000,0x3c9d,0x00013c9d,0x00003c9d
1000:3cf7,0x1000,0x3cf7,0x00013cf7,0x00003cf7
1000:3dfd,0x1000,0x3dfd,0x00013dfd,0x00003dfd
1000:3e74,0x1000,0x3e74,0x00013e74,0x00003e74
1000:3e8a,0x1000,0x3e8a,0x00013e8a,0x00003e8a
1000:3ed4,0x1000,0x3ed4,0x00013ed4,0x00003ed4
1000:4015,0x1000,0x4015,0x00014015,0x00004015
1000:4263,0x1000,0x4263,0x00014263,0x00004263
1000:42d9,0x1000,0x42d9,0x000142d9,0x000042d9
1000:4305,0x1000,0x4305,0x00014305,0x00004305
1000:431b,0x1000,0x431b,0x0001431b,0x0000431b
1000:4344,0x1000,0x4344,0x00014344,0x00004344
1000:4361,0x1000,0x4361,0x00014361,0x00004361
1000:4398,0x1000,0x4398,0x00014398,0x00004398
1000:43b5,0x1000,0x43b5,0x000143b5,0x000043b5
1000:43d2,0x1000,0x43d2,0x000143d2,0x000043d2
1000:43ef,0x1000,0x43ef,0x000143ef,0x000043ef
1000:440c,0x1000,0x440c,0x0001440c,0x0000440c
1000:4437,0x1000,0x4437,0x00014437,0x00004437
1000:4454,0x1000,0x4454,0x00014454,0x00004454
1000:448a,0x1000,0x448a,0x0001448a,0x0000448a
1000:44c0,0x1000,0x44c0,0x000144c0,0x000044c0
1000:450c,0x1000,0x450c,0x0001450c,0x0000450c
1000:4532,0x1000,0x4532,0x00014532,0x00004532
1000:457a,0x1000,0x457a,0x0001457a,0x0000457a
1000:45a0,0x1000,0x45a0,0x000145a0,0x000045a0
1000:45cf,0x1000,0x45cf,0x000145cf,0x000045cf
1000:4605,0x1000,0x4605,0x00014605,0x00004605
1000:463d,0x1000,0x463d,0x0001463d,0x0000463d
1000:465e,0x1000,0x465e,0x0001465e,0x0000465e
1000:467d,0x1000,0x467d,0x0001467d,0x0000467d
1000:469c,0x1000,0x469c,0x0001469c,0x0000469c
1000:46bb,0x1000,0x46bb,0x000146bb,0x000046bb
1000:472d,0x1000,0x472d,0x0001472d,0x0000472d
1000:4747,0x1000,0x4747,0x00014747,0x00004747
1000:47cb,0x1000,0x47cb,0x000147cb,0x000047cb
1000:4802,0x1000,0x4802,0x00014802,0x00004802
1000:483c,0x1000,0x483c,0x0001483c,0x0000483c
1000:48a9,0x1000,0x48a9,0x000148a9,0x000048a9
1000:4906,0x1000,0x4906,0x00014906,0x00004906
1000:495c,0x1000,0x495c,0x0001495c,0x0000495c
1000:4995,0x1000,0x4995,0x00014995,0x00004995
1000:49d7,0x1000,0x49d7,0x000149d7,0x000049d7
1000:4b4e,0x1000,0x4b4e,0x00014b4e,0x00004b4e
1000:4bc6,0x1000,0x4bc6,0x00014bc6,0x00004bc6
1000:4c14,0x1000,0x4c14,0x00014c14,0x00004c14
1000:4c99,0x1000,0x4c99,0x00014c99,0x00004c99
1000:4dbf,0x1000,0x4dbf,0x00014dbf,0x00004dbf
1000:4dfa,0x1000,0x4dfa,0x00014dfa,0x00004dfa
1000:4e44,0x1000,0x4e44,0x00014e44,0x00004e44
1000:4e7f,0x1000,0x4e7f,0x00014e7f,0x00004e7f
1000:4ec9,0x1000,0x4ec9,0x00014ec9,0x00004ec9
1000:4f04,0x1000,0x4f04,0x00014f04,0x00004f04
1000:4f4e,0x1000,0x4f4e,0x00014f4e,0x00004f4e
1000:4f89,0x1000,0x4f89,0x00014f89,0x00004f89
1000:4fd3,0x1000,0x4fd3,0x00014fd3,0x00004fd3
1000:5003,0x1000,0x5003,0x00015003,0x00005003
1000:5025,0x1000,0x5025,0x00015025,0x00005025
1000:503f,0x1000,0x503f,0x0001503f,0x0000503f
1000:5059,0x1000,0x5059,0x00015059,0x00005059
1000:506f,0x1000,0x506f,0x0001506f,0x0000506f
1000:5085,0x1000,0x5085,0x00015085,0x00005085
1000:50c0,0x1000,0x50c0,0x000150c0,0x000050c0
1000:50fb,0x1000,0x50fb,0x000150fb,0x000050fb
1000:5181,0x1000,0x5181,0x00015181,0x00005181
1000:51d8,0x1000,0x51d8,0x000151d8,0x000051d8
1000:535e,0x1000,0x535e,0x0001535e,0x0000535e
1000:5681,0x1000,0x5681,0x00015681,0x00005681
1000:57e1,0x1000,0x57e1,0x000157e1,0x000057e1
1000:59d3,0x1000,0x59d3,0x000159d3,0x000059d3
1000:5c87,0x1000,0x5c87,0x00015c87,0x00005c87
1000:5fdb,0x1000,0x5fdb,0x00015fdb,0x00005fdb
1000:603d,0x1000,0x603d,0x0001603d,0x0000603d
1000:6130,0x1000,0x6130,0x00016130,0x00006130
1000:6183,0x1000,0x6183,0x00016183,0x00006183
1000:629c,0x1000,0x629c,0x0001629c,0x0000629c
1000:6305,0x1000,0x6305,0x00016305,0x00006305
1000:6326,0x1000,0x6326,0x00016326,0x00006326
1000:6372,0x1000,0x6372,0x00016372,0x00006372
1000:63be,0x1000,0x63be,0x000163be,0x000063be
1000:640c,0x1000,0x640c,0x0001640c,0x0000640c
1000:645d,0x1000,0x645d,0x0001645d,0x0000645d
1000:647e,0x1000,0x647e,0x0001647e,0x0000647e
1000:64c1,0x1000,0x64c1,0x000164c1,0x000064c1
1000:64e2,0x1000,0x64e2,0x000164e2,0x000064e2
1000:64ff,0x1000,0x64ff,0x000164ff,0x000064ff
1000:651c,0x1000,0x651c,0x0001651c,0x0000651c
1000:6535,0x1000,0x6535,0x00016535,0x00006535
1000:654e,0x1000,0x654e,0x0001654e,0x0000654e
1000:6587,0x1000,0x6587,0x00016587,0x00006587
1000:65d2,0x1000,0x65d2,0x000165d2,0x000065d2
1000:65e5,0x1000,0x65e5,0x000165e5,0x000065e5
1000:65fb,0x1000,0x65fb,0x000165fb,0x000065fb
1000:6611,0x1000,0x6611,0x00016611,0x00006611
1000:6627,0x1000,0x6627,0x00016627,0x00006627
1000:6648,0x1000,0x6648,0x00016648,0x00006648
1000:6699,0x1000,0x6699,0x00016699,0x00006699
1000:66d8,0x1000,0x66d8,0x000166d8,0x000066d8
1000:6717,0x1000,0x6717,0x00016717,0x00006717
1000:673a,0x1000,0x673a,0x0001673a,0x0000673a
1000:6748,0x1000,0x6748,0x00016748,0x00006748
1000:6789,0x1000,0x6789,0x00016789,0x00006789
1000:67ca,0x1000,0x67ca,0x000167ca,0x000067ca
1000:67e2,0x1000,0x67e2,0x000167e2,0x000067e2
1000:67fb,0x1000,0x67fb,0x000167fb,0x000067fb
1000:6813,0x1000,0x6813,0x00016813,0x00006813
1000:6832,0x1000,0x6832,0x00016832,0x00006832
1000:684b,0x1000,0x684b,0x0001684b,0x0000684b
1000:686a,0x1000,0x686a,0x0001686a,0x0000686a
1000:6890,0x1000,0x6890,0x00016890,0x00006890
1000:68bb,0x1000,0x68bb,0x000168bb,0x000068bb
1000:68e6,0x1000,0x68e6,0x000168e6,0x000068e6
1000:68fe,0x1000,0x68fe,0x000168fe,0x000068fe
1000:6922,0x1000,0x6922,0x00016922,0x00006922
1000:693a,0x1000,0x693a,0x0001693a,0x0000693a
1000:695e,0x1000,0x695e,0x0001695e,0x0000695e
1000:6987,0x1000,0x6987,0x00016987,0x00006987
1000:69aa,0x1000,0x69aa,0x000169aa,0x000069aa
1000:6a89,0x1000,0x6a89,0x00016a89,0x00006a89
1000:6bb5,0x1000,0x6bb5,0x00016bb5,0x00006bb5
1000:6bd4,0x1000,0x6bd4,0x00016bd4,0x00006bd4
1000:6bf4,0x1000,0x6bf4,0x00016bf4,0x00006bf4
1000:6c14,0x1000,0x6c14,0x00016c14,0x00006c14
1000:6c95,0x1000,0x6c95,0x00016c95,0x00006c95
1000:6d26,0x1000,0x6d26,0x00016d26,0x00006d26
1000:6d6a,0x1000,0x6d6a,0x00016d6a,0x00006d6a
1000:6d94,0x1000,0x6d94,0x00016d94,0x00006d94
1000:6db1,0x1000,0x6db1,0x00016db1,0x00006db1
1000:6dca,0x1000,0x6dca,0x00016dca,0x00006dca
1000:6de3,0x1000,0x6de3,0x00016de3,0x00006de3
1000:6e11,0x1000,0x6e11,0x00016e11,0x00006e11
1000:6e30,0x1000,0x6e30,0x00016e30,0x00006e30
1000:7120,0x1000,0x7120,0x00017120,0x00007120
1000:712c,0x1000,0x712c,0x0001712c,0x0000712c
1000:7221,0x1000,0x7221,0x00017221,0x00007221
1000:7235,0x1000,0x7235,0x00017235,0x00007235
1000:72ef,0x1000,0x72ef,0x000172ef,0x000072ef
1000:7307,0x1000,0x7307,0x00017307,0x00007307
1000:7319,0x1000,0x7319,0x00017319,0x00007319
1000:732a,0x1000,0x732a,0x0001732a,0x0000732a
1000:736f,0x1000,0x736f,0x0001736f,0x0000736f
1000:745e,0x1000,0x745e,0x0001745e,0x0000745e
1000:748a,0x1000,0x748a,0x0001748a,0x0000748a
1000:74b6,0x1000,0x74b6,0x000174b6,0x000074b6
1000:74c3,0x1000,0x74c3,0x000174c3,0x000074c3
1000:74d4,0x1000,0x74d4,0x000174d4,0x000074d4
1000:74d5,0x1000,0x74d5,0x000174d5,0x000074d5
1000:7532,0x1000,0x7532,0x00017532,0x00007532
1000:7563,0x1000,0x7563,0x00017563,0x00007563
1000:757b,0x1000,0x757b,0x0001757b,0x0000757b
1000:75a2,0x1000,0x75a2,0x000175a2,0x000075a2
1000:762a,0x1000,0x762a,0x0001762a,0x0000762a
1000:773c,0x1000,0x773c,0x0001773c,0x0000773c
1000:77d9,0x1000,0x77d9,0x000177d9,0x000077d9
1000:7861,0x1000,0x7861,0x00017861,0x00007861
1000:798a,0x1000,0x798a,0x0001798a,0x0000798a
1000:7a77,0x1000,0x7a77,0x00017a77,0x00007a77
1000:7ab4,0x1000,0x7ab4,0x00017ab4,0x00007ab4
1000:7abb,0x1000,0x7abb,0x00017abb,0x00007abb
1000:7ad5,0x1000,0x7ad5,0x00017ad5,0x00007ad5
1000:7b01,0x1000,0x7b01,0x00017b01,0x00007b01
1000:7b1a,0x1000,0x7b1a,0x00017b1a,0x00007b1a
1000:7b4a,0x1000,0x7b4a,0x00017b4a,0x00007b4a
1000:7b5a,0x1000,0x7b5a,0x00017b5a,0x00007b5a
1000:7b76,0x1000,0x7b76,0x00017b76,0x00007b76
1000:7b86,0x1000,0x7b86,0x00017b86,0x00007b86
1000:7b93,0x1000,0x7b93,0x00017b93,0x00007b93
1000:7ba7,0x1000,0x7ba7,0x00017ba7,0x00007ba7
1000:7bad,0x1000,0x7bad,0x00017bad,0x00007bad
1000:7bbd,0x1000,0x7bbd,0x00017bbd,0x00007bbd
1000:7bca,0x1000,0x7bca,0x00017bca,0x00007bca
1000:7bd7,0x1000,0x7bd7,0x00017bd7,0x00007bd7
1000:7bdd,0x1000,0x7bdd,0x00017bdd,0x00007bdd
1000:7bea,0x1000,0x7bea,0x00017bea,0x00007bea
1000:7bfa,0x1000,0x7bfa,0x00017bfa,0x00007bfa
1000:7cde,0x1000,0x7cde,0x00017cde,0x00007cde
1000:7db2,0x1000,0x7db2,0x00017db2,0x00007db2
1000:7db9,0x1000,0x7db9,0x00017db9,0x00007db9
1000:7de8,0x1000,0x7de8,0x00017de8,0x00007de8
1000:7df9,0x1000,0x7df9,0x00017df9,0x00007df9
1000:7e18,0x1000,0x7e18,0x00017e18,0x00007e18
1000:7e1f,0x1000,0x7e1f,0x00017e1f,0x00007e1f
1000:7e3d,0x1000,0x7e3d,0x00017e3d,0x00007e3d
1000:7e62,0x1000,0x7e62,0x00017e62,0x00007e62
1000:7ede,0x1000,0x7ede,0x00017ede,0x00007ede
1000:7efe,0x1000,0x7efe,0x00017efe,0x00007efe
1000:7f17,0x1000,0x7f17,0x00017f17,0x00007f17
1000:7f2b,0x1000,0x7f2b,0x00017f2b,0x00007f2b
1000:7f65,0x1000,0x7f65,0x00017f65,0x00007f65
1000:7f90,0x1000,0x7f90,0x00017f90,0x00007f90
1000:7f93,0x1000,0x7f93,0x00017f93,0x00007f93
1000:7f96,0x1000,0x7f96,0x00017f96,0x00007f96
1000:7f99,0x1000,0x7f99,0x00017f99,0x00007f99
1000:7f9a,0x1000,0x7f9a,0x00017f9a,0x00007f9a
1000:7fb0,0x1000,0x7fb0,0x00017fb0,0x00007fb0
1000:7fde,0x1000,0x7fde,0x00017fde,0x00007fde
1000:7fef,0x1000,0x7fef,0x00017fef,0x00007fef
1000:808e,0x1000,0x808e,0x0001808e,0x0000808e
1000:809e,0x1000,0x809e,0x0001809e,0x0000809e
1000:80ac,0x1000,0x80ac,0x000180ac,0x000080ac
1000:80bc,0x1000,0x80bc,0x000180bc,0x000080bc
1000:85b5,0x1000,0x85b5,0x000185b5,0x000085b5
1000:85db,0x1000,0x85db,0x000185db,0x000085db
1000:8600,0x1000,0x8600,0x00018600,0x00008600
1000:8626,0x1000,0x8626,0x00018626,0x00008626
1000:86e9,0x1000,0x86e9,0x000186e9,0x000086e9
1000:8722,0x1000,0x8722,0x00018722,0x00008722
1000:872e,0x1000,0x872e,0x0001872e,0x0000872e
1000:873c,0x1000,0x873c,0x0001873c,0x0000873c
1000:87a2,0x1000,0x87a2,0x000187a2,0x000087a2
1000:87cd,0x1000,0x87cd,0x000187cd,0x000087cd
1000:8809,0x1000,0x8809,0x00018809,0x00008809
1000:8891,0x1000,0x8891,0x00018891,0x00008891
1000:88e5,0x1000,0x88e5,0x000188e5,0x000088e5
1000:891e,0x1000,0x891e,0x0001891e,0x0000891e
1000:8977,0x1000,0x8977,0x00018977,0x00008977
1000:8999,0x1000,0x8999,0x00018999,0x00008999
1000:89a8,0x1000,0x89a8,0x000189a8,0x000089a8
1000:89e2,0x1000,0x89e2,0x000189e2,0x000089e2
1000:8a07,0x1000,0x8a07,0x00018a07,0x00008a07
1000:8a23,0x1000,0x8a23,0x00018a23,0x00008a23
1000:8a75,0x1000,0x8a75,0x00018a75,0x00008a75
1000:8ad0,0x1000,0x8ad0,0x00018ad0,0x00008ad0
1000:8af6,0x1000,0x8af6,0x00018af6,0x00008af6
1000:8b04,0x1000,0x8b04,0x00018b04,0x00008b04
1000:8b0d,0x1000,0x8b0d,0x00018b0d,0x00008b0d
1000:8b2a,0x1000,0x8b2a,0x00018b2a,0x00008b2a
1000:8b6b,0x1000,0x8b6b,0x00018b6b,0x00008b6b
1000:8b81,0x1000,0x8b81,0x00018b81,0x00008b81
1000:8bc8,0x1000,0x8bc8,0x00018bc8,0x00008bc8
1000:8e2f,0x1000,0x8e2f,0x00018e2f,0x00008e2f
1000:8e48,0x1000,0x8e48,0x00018e48,0x00008e48
1000:8e50,0x1000,0x8e50,0x00018e50,0x00008e50
1000:8e58,0x1000,0x8e58,0x00018e58,0x00008e58
1000:8e93,0x1000,0x8e93,0x00018e93,0x00008e93
1000:8ea3,0x1000,0x8ea3,0x00018ea3,0x00008ea3
1000:8eeb,0x1000,0x8eeb,0x00018eeb,0x00008eeb
1000:8fb6,0x1000,0x8fb6,0x00018fb6,0x00008fb6
1000:9007,0x1000,0x9007,0x00019007,0x00009007
1000:9056,0x1000,0x9056,0x00019056,0x00009056
1000:905d,0x1000,0x905d,0x0001905d,0x0000905d
1000:9115,0x1000,0x9115,0x00019115,0x00009115
1000:91cf,0x1000,0x91cf,0x000191cf,0x000091cf
1000:91d7,0x1000,0x91d7,0x000191d7,0x000091d7
1000:91df,0x1000,0x91df,0x000191df,0x000091df
1000:922c,0x1000,0x922c,0x0001922c,0x0000922c
1000:9241,0x1000,0x9241,0x00019241,0x00009241
1000:927c,0x1000,0x927c,0x0001927c,0x0000927c
1000:92b4,0x1000,0x92b4,0x000192b4,0x000092b4
1000:92e1,0x1000,0x92e1,0x000192e1,0x000092e1
1000:935c,0x1000,0x935c,0x0001935c,0x0000935c
1000:9376,0x1000,0x9376,0x00019376,0x00009376
1000:9390,0x1000,0x9390,0x00019390,0x00009390
1000:93a4,0x1000,0x93a4,0x000193a4,0x000093a4
1000:93b1,0x1000,0x93b1,0x000193b1,0x000093b1
1000:93b8,0x1000,0x93b8,0x000193b8,0x000093b8
1000:93c8,0x1000,0x93c8,0x000193c8,0x000093c8
1000:93d8,0x1000,0x93d8,0x000193d8,0x000093d8
1000:93e2,0x1000,0x93e2,0x000193e2,0x000093e2
1000:93f2,0x1000,0x93f2,0x000193f2,0x000093f2
1000:93fc,0x1000,0x93fc,0x000193fc,0x000093fc
1000:9406,0x1000,0x9406,0x00019406,0x00009406
1000:9410,0x1000,0x9410,0x00019410,0x00009410
1000:941a,0x1000,0x941a,0x0001941a,0x0000941a
1000:9424,0x1000,0x9424,0x00019424,0x00009424
1000:942a,0x1000,0x942a,0x0001942a,0x0000942a
1000:9434,0x1000,0x9434,0x00019434,0x00009434
1000:9436,0x1000,0x9436,0x00019436,0x00009436
1000:9438,0x1000,0x9438,0x00019438,0x00009438
1000:9440,0x1000,0x9440,0x00019440,0x00009440
1000:9451,0x1000,0x9451,0x00019451,0x00009451
1000:945b,0x1000,0x945b,0x0001945b,0x0000945b
1000:946e,0x1000,0x946e,0x0001946e,0x0000946e
1000:9488,0x1000,0x9488,0x00019488,0x00009488
1000:9502,0x1000,0x9502,0x00019502,0x00009502
1000:956d,0x1000,0x956d,0x0001956d,0x0000956d
1000:97a4,0x1000,0x97a4,0x000197a4,0x000097a4
1000:97aa,0x1000,0x97aa,0x000197aa,0x000097aa
1000:97c5,0x1000,0x97c5,0x000197c5,0x000097c5
1000:97d5,0x1000,0x97d5,0x000197d5,0x000097d5
1000:97f1,0x1000,0x97f1,0x000197f1,0x000097f1
1000:97f7,0x1000,0x97f7,0x000197f7,0x000097f7
1000:9804,0x1000,0x9804,0x00019804,0x00009804
1000:9814,0x1000,0x9814,0x00019814,0x00009814
1000:9821,0x1000,0x9821,0x00019821,0x00009821
1000:9837,0x1000,0x9837,0x00019837,0x00009837
1000:9847,0x1000,0x9847,0x00019847,0x00009847
1000:9854,0x1000,0x9854,0x00019854,0x00009854
1000:9864,0x1000,0x9864,0x00019864,0x00009864
1000:986a,0x1000,0x986a,0x0001986a,0x0000986a
1000:988e,0x1000,0x988e,0x0001988e,0x0000988e
1000:98ba,0x1000,0x98ba,0x000198ba,0x000098ba
1000:98dd,0x1000,0x98dd,0x000198dd,0x000098dd
1000:995b,0x1000,0x995b,0x0001995b,0x0000995b
1000:999a,0x1000,0x999a,0x0001999a,0x0000999a
1000:9a07,0x1000,0x9a07,0x00019a07,0x00009a07
1000:9ad3,0x1000,0x9ad3,0x00019ad3,0x00009ad3
1000:9b14,0x1000,0x9b14,0x00019b14,0x00009b14
1000:9b98,0x1000,0x9b98,0x00019b98,0x00009b98
1000:9c14,0x1000,0x9c14,0x00019c14,0x00009c14
1000:9cd3,0x1000,0x9cd3,0x00019cd3,0x00009cd3
1000:9de6,0x1000,0x9de6,0x00019de6,0x00009de6
1000:9dfe,0x1000,0x9dfe,0x00019dfe,0x00009dfe
1000:9f25,0x1000,0x9f25,0x00019f25,0x00009f25
1000:9f5d,0x1000,0x9f5d,0x00019f5d,0x00009f5d
1000:9f6d,0x1000,0x9f6d,0x00019f6d,0x00009f6d
1000:9f8b,0x1000,0x9f8b,0x00019f8b,0x00009f8b
1000:9f98,0x1000,0x9f98,0x00019f98,0x00009f98
1000:9fb5,0x1000,0x9fb5,0x00019fb5,0x00009fb5
1000:9fd3,0x1000,0x9fd3,0x00019fd3,0x00009fd3
1000:a006,0x1000,0xa006,0x0001a006,0x0000a006
1000:a033,0x1000,0xa033,0x0001a033,0x0000a033
1000:a074,0x1000,0xa074,0x0001a074,0x0000a074
1000:a091,0x1000,0xa091,0x0001a091,0x0000a091
1000:a0a0,0x1000,0xa0a0,0x0001a0a0,0x0000a0a0
1000:a0e9,0x1000,0xa0e9,0x0001a0e9,0x0000a0e9
1000:a103,0x1000,0xa103,0x0001a103,0x0000a103
1000:a11e,0x1000,0xa11e,0x0001a11e,0x0000a11e
1000:a14f,0x1000,0xa14f,0x0001a14f,0x0000a14f
1000:a178,0x1000,0xa178,0x0001a178,0x0000a178
1000:a1b5,0x1000,0xa1b5,0x0001a1b5,0x0000a1b5
1000:a1c6,0x1000,0xa1c6,0x0001a1c6,0x0000a1c6
1000:a1ef,0x1000,0xa1ef,0x0001a1ef,0x0000a1ef
1000:a20a,0x1000,0xa20a,0x0001a20a,0x0000a20a
1000:a21c,0x1000,0xa21c,0x0001a21c,0x0000a21c
1000:a360,0x1000,0xa360,0x0001a360,0x0000a360
1000:a3ae,0x1000,0xa3ae,0x0001a3ae,0x0000a3ae
1000:a466,0x1000,0xa466,0x0001a466,0x0000a466
1000:a482,0x1000,0xa482,0x0001a482,0x0000a482
1000:a49e,0x1000,0xa49e,0x0001a49e,0x0000a49e
1000:a4fc,0x1000,0xa4fc,0x0001a4fc,0x0000a4fc
1000:a55e,0x1000,0xa55e,0x0001a55e,0x0000a55e
1000:a5cf,0x1000,0xa5cf,0x0001a5cf,0x0000a5cf
1000:a5f8,0x1000,0xa5f8,0x0001a5f8,0x0000a5f8
1000:a62e,0x1000,0xa62e,0x0001a62e,0x0000a62e
1000:a657,0x1000,0xa657,0x0001a657,0x0000a657
1000:a6b8,0x1000,0xa6b8,0x0001a6b8,0x0000a6b8
1000:a6f1,0x1000,0xa6f1,0x0001a6f1,0x0000a6f1
1000:a714,0x1000,0xa714,0x0001a714,0x0000a714
1000:a71e,0x1000,0xa71e,0x0001a71e,0x0000a71e
1000:a79b,0x1000,0xa79b,0x0001a79b,0x0000a79b
1000:a813,0x1000,0xa813,0x0001a813,0x0000a813
1000:a874,0x1000,0xa874,0x0001a874,0x0000a874
1000:a8ee,0x1000,0xa8ee,0x0001a8ee,0x0000a8ee
1000:a995,0x1000,0xa995,0x0001a995,0x0000a995
1000:a9f5,0x1000,0xa9f5,0x0001a9f5,0x0000a9f5
1000:aa14,0x1000,0xaa14,0x0001aa14,0x0000aa14
1000:aa2b,0x1000,0xaa2b,0x0001aa2b,0x0000aa2b
1000:ab83,0x1000,0xab83,0x0001ab83,0x0000ab83
1ab9:0179,0x1ab9,0x0179,0x0001ad09,0x0000ad09
1ab9:01c0,0x1ab9,0x01c0,0x0001ad50,0x0000ad50
1ab9:01c1,0x1ab9,0x01c1,0x0001ad51,0x0000ad51
1ab9:01e1,0x1ab9,0x01e1,0x0001ad71,0x0000ad71
1ab9:01ff,0x1ab9,0x01ff,0x0001ad8f,0x0000ad8f
1ab9:021b,0x1ab9,0x021b,0x0001adab,0x0000adab
1ab9:0232,0x1ab9,0x0232,0x0001adc2,0x0000adc2
1ab9:02b1,0x1ab9,0x02b1,0x0001ae41,0x0000ae41
1ab9:02ce,0x1ab9,0x02ce,0x0001ae5e,0x0000ae5e
1ab9:0351,0x1ab9,0x0351,0x0001aee1,0x0000aee1
1ab9:0384,0x1ab9,0x0384,0x0001af14,0x0000af14
1ab9:0a73,0x1ab9,0x0a73,0x0001b603,0x0000b603
1ab9:0d77,0x1ab9,0x0d77,0x0001b907,0x0000b907
1ab9:1028,0x1ab9,0x1028,0x0001bbb8,0x0000bbb8
1ab9:126e,0x1ab9,0x126e,0x0001bdfe,0x0000bdfe
1ab9:12b0,0x1ab9,0x12b0,0x0001be40,0x0000be40
1ab9:1311,0x1ab9,0x1311,0x0001bea1,0x0000bea1
1ab9:132b,0x1ab9,0x132b,0x0001bebb,0x0000bebb
1ab9:137b,0x1ab9,0x137b,0x0001bf0b,0x0000bf0b
1ab9:13bc,0x1ab9,0x13bc,0x0001bf4c,0x0000bf4c
1ab9:13ec,0x1ab9,0x13ec,0x0001bf7c,0x0000bf7c
1ab9:1409,0x1ab9,0x1409,0x0001bf99,0x0000bf99
1ab9:1422,0x1ab9,0x1422,0x0001bfb2,0x0000bfb2
1ab9:1441,0x1ab9,0x1441,0x0001bfd1,0x0000bfd1
1ab9:1458,0x1ab9,0x1458,0x0001bfe8,0x0000bfe8
1ab9:146b,0x1ab9,0x146b,0x0001bffb,0x0000bffb
1ab9:14d3,0x1ab9,0x14d3,0x0001c063,0x0000c063
1c28:0000,0x1c28,0x0000,0x0001c280,0x0000c280
1c28:0a09,0x1c28,0x0a09,0x0001cc89,0x0000cc89
1cd5:0000,0x1cd5,0x0000,0x0001cd50,0x0000cd50
1cd5:0032,0x1cd5,0x0032,0x0001cd82,0x0000cd82
1cda:0000,0x1cda,0x0000,0x0001cda0,0x0000cda0
1cda:0045,0x1cda,0x0045,0x0001cde5,0x0000cde5
1cda:0089,0x1cda,0x0089,0x0001ce29,0x0000ce29
1ce5:0000,0x1ce5,0x0000,0x0001ce50,0x0000ce50
1ce5:001f,0x1ce5,0x001f,0x0001ce6f,0x0000ce6f
1cec:00aa,0x1cec,0x00aa,0x0001cf6a,0x0000cf6a
1cec:0182,0x1cec,0x0182,0x0001d042,0x0000d042
1cec:01bd,0x1cec,0x01bd,0x0001d07d,0x0000d07d
1cec:2ced,0x1cec,0x2ced,0x0001fbad,0x0000fbad
1cec:2d15,0x1cec,0x2d15,0x0001fbd5,0x0000fbd5
1cec:2d43,0x1cec,0x2d43,0x0001fc03,0x0000fc03
1cec:2d6d,0x1cec,0x2d6d,0x0001fc2d,0x0000fc2d
1cec:2da8,0x1cec,0x2da8,0x0001fc68,0x0000fc68
1cec:2dd2,0x1cec,0x2dd2,0x0001fc92,0x0000fc92
1cec:2ded,0x1cec,0x2ded,0x0001fcad,0x0000fcad
1cec:3137,0x1cec,0x3137,0x0001fff7,0x0000fff7
1cec:31b7,0x1cec,0x31b7,0x00020077,0x00010077
202c:0000,0x202c,0x0000,0x000202c0,0x000102c0
2036:0000,0x2036,0x0000,0x00020360,0x00010360
